"","ABBA","ACRU","BEPA","ACSA","THOC","FAGR","ACPE","Picea","TSCA","POGR","BEAL","POTR","QURU","FRNI","PIST","POBA","LALA"
"1",6,4,2,0,0,0,0,0,0,0,0,0,0,0,0,0,0
"2",0,7,3,2,0,0,0,0,0,0,0,0,0,0,0,0,0
"3",3,9,5,4,2,0,0,0,0,0,0,0,0,0,0,0,0
"6",0,7,4,1,0,1,0,0,0,0,0,0,0,0,0,0,0
"7",0,7,3,1,0,1,0,0,0,0,0,0,0,0,0,0,0
"8",1,6,7,2,0,0,0,0,0,0,0,0,0,0,0,0,0
"9",0,9,4,2,0,0,2,1,0,0,0,0,0,0,0,0,0
"10",2,4,7,0,0,0,0,1,0,0,0,0,0,0,0,0,0
"11",4,4,11,0,1,0,0,2,0,0,0,0,0,0,0,0,0
"13",2,3,7,2,0,1,1,0,1,0,0,0,0,0,0,0,0
"14",0,3,3,0,0,0,0,0,0,1,0,0,0,0,0,0,0
"15",0,3,3,1,0,0,0,0,0,0,1,0,0,0,0,0,0
"16",2,8,7,0,0,0,0,0,0,0,0,0,0,0,0,0,0
"17",0,5,10,0,0,0,1,0,0,0,0,0,0,0,0,0,0
"18",1,1,13,0,0,0,0,0,0,0,0,0,0,0,0,0,0
"19",0,0,10,0,0,0,0,0,0,0,0,0,0,0,0,0,0
"22",4,2,2,2,3,0,1,0,1,0,0,2,0,0,0,0,0
"23",4,5,5,2,0,0,0,0,0,1,0,0,0,0,0,0,0
"24",1,6,1,2,0,2,1,0,0,0,3,0,0,0,0,0,0
"25",0,3,9,2,0,0,1,0,0,0,2,0,0,0,0,0,0
"26",0,4,11,3,0,0,0,0,0,0,0,0,0,0,0,0,0
"27",3,8,4,1,0,0,2,0,0,0,0,0,0,0,0,0,0
"28",1,11,5,2,1,0,0,0,0,0,1,0,1,0,0,0,0
"29",4,9,3,0,0,0,0,0,0,0,1,0,2,0,0,0,0
"31",3,7,3,0,4,0,1,0,0,1,0,0,0,0,0,0,0
"32",5,7,5,0,3,0,3,0,0,0,0,1,0,0,0,0,0
"33",1,5,8,3,0,1,1,0,0,0,0,0,0,0,0,0,0
"34",0,4,5,1,0,3,0,0,1,0,1,0,0,0,0,0,0
"35",0,8,4,0,0,1,0,0,0,0,0,0,0,0,0,0,0
"36",2,0,6,1,0,2,0,0,0,0,0,0,0,0,0,0,0
"37",2,1,7,1,0,0,2,0,0,0,0,0,0,0,0,0,0
"38",4,9,4,1,0,1,1,0,0,0,0,0,0,0,0,0,0
"39",10,10,5,0,0,0,0,0,0,0,0,0,0,0,0,0,0
"40",0,11,11,2,0,0,0,0,0,0,0,0,0,0,0,0,0
"42",7,10,1,1,3,0,1,0,0,0,0,0,0,0,0,0,0
"43",2,14,5,0,0,0,0,1,0,0,0,0,0,0,0,0,0
"44",3,8,9,2,0,0,0,0,1,0,1,0,0,0,0,0,0
"45",4,7,3,0,0,0,1,0,0,0,0,0,0,0,0,0,0
"46",2,11,3,0,0,0,2,0,2,0,0,0,0,0,0,0,0
"47",3,9,6,2,0,0,0,0,0,0,3,0,0,0,0,0,0
"48",1,7,10,0,0,0,1,0,0,0,0,0,0,0,0,0,0
"49",0,8,3,0,0,0,0,0,0,0,1,0,0,0,0,0,0
"50",4,7,5,1,0,0,0,0,0,0,1,0,0,0,0,0,0
"51",3,6,9,0,0,0,0,0,0,0,0,0,0,0,0,0,0
"52",12,6,7,0,0,0,0,1,1,0,0,0,0,0,0,0,0
"53",8,2,2,0,11,0,0,0,1,0,0,0,0,0,0,0,0
"54",13,4,4,3,2,0,1,0,0,1,0,1,0,0,0,0,0
"55",6,13,2,0,1,0,3,0,1,0,0,0,0,0,0,0,0
"56",3,7,7,2,0,0,0,0,1,0,0,0,0,0,0,0,0
"57",2,6,11,2,0,0,0,0,3,0,0,0,0,0,0,0,0
"58",4,11,4,1,0,0,0,0,2,0,0,0,0,0,0,0,0
"59",1,7,5,0,1,1,0,0,3,1,1,0,0,0,0,0,0
"60",4,10,3,2,0,0,0,0,0,0,1,0,0,0,0,0,0
"61",1,5,2,0,0,0,0,0,0,0,4,0,0,0,0,0,0
"62",5,1,3,0,0,1,0,0,0,0,5,0,0,0,0,0,0
"63",7,2,9,1,0,0,0,0,0,0,1,0,0,0,0,0,0
"64",14,3,0,0,0,0,0,0,1,0,0,0,0,0,0,0,0
"65",19,9,3,0,5,1,0,0,0,0,0,0,0,0,0,0,0
"68",5,7,6,1,0,0,1,0,0,1,1,0,0,0,0,0,0
"69",1,6,6,0,0,0,0,0,2,0,3,0,0,0,0,0,0
"70",3,1,7,1,0,0,2,0,4,0,3,0,0,0,0,0,0
"71",4,5,6,1,0,0,1,0,0,1,3,0,0,0,0,0,0
"72",1,10,6,0,0,0,0,0,3,0,0,1,0,0,0,0,0
"73",3,11,6,1,0,0,0,0,2,1,0,0,0,0,0,0,0
"74",2,10,10,0,0,1,0,0,1,0,2,0,0,0,0,0,0
"75",1,4,9,0,1,0,0,0,0,0,4,0,0,0,0,0,0
"76",3,0,9,0,1,0,0,0,0,0,6,0,0,0,0,0,0
"77",0,0,0,1,1,0,0,1,0,0,9,0,0,2,0,0,0
"78",10,4,0,0,2,0,0,0,0,0,5,0,0,0,0,0,0
"83",6,6,5,1,1,1,0,0,3,0,3,0,0,1,0,0,0
"84",4,4,6,4,0,0,0,0,2,0,2,0,0,0,0,0,0
"85",1,3,12,2,0,0,0,0,0,0,2,0,0,1,0,0,0
"86",4,4,6,0,1,1,0,0,0,0,1,0,0,3,0,0,0
"87",1,3,3,0,0,0,0,0,2,0,4,0,0,1,0,0,0
"88",2,6,6,0,0,0,0,0,0,0,2,0,0,0,0,0,0
"89",0,3,10,0,1,0,0,0,0,0,1,0,0,0,0,0,0
"90",1,3,8,1,0,0,0,0,0,0,2,0,0,0,0,0,0
"91",1,3,6,0,3,0,0,0,0,0,3,0,0,0,0,0,0
"92",1,2,9,0,0,0,0,0,0,0,0,0,0,0,0,0,0
"93",10,9,1,0,1,0,0,0,0,0,3,0,0,0,0,0,0
"94",5,2,0,0,1,0,0,0,0,0,4,0,0,0,0,0,0
"100",2,8,0,1,1,1,0,0,0,0,4,0,0,0,0,0,0
"101",6,11,3,0,0,0,0,0,0,0,7,0,0,0,0,0,0
"102",6,5,7,0,0,0,0,0,0,0,3,0,0,0,0,0,0
"104",3,6,9,0,4,0,0,0,0,0,0,0,0,0,0,0,0
"105",1,3,11,0,0,0,0,0,0,0,0,0,0,0,0,0,0
"106",1,7,9,0,0,0,0,0,0,0,0,0,0,0,0,0,0
"107",3,12,10,0,0,0,0,1,0,0,1,0,0,0,0,0,0
"108",8,11,9,0,0,0,0,0,0,0,0,0,0,0,0,0,0
"109",3,0,15,0,0,0,0,0,0,0,0,0,0,0,0,0,0
"110",1,9,3,1,2,0,0,0,0,0,1,0,0,0,0,0,0
"111",3,12,2,2,2,0,0,1,0,1,4,0,0,0,0,0,0
"112",5,4,1,0,16,0,0,0,0,1,1,0,0,0,0,0,0
"117",0,8,2,0,1,0,0,0,1,0,4,0,0,0,0,0,0
"118",4,12,0,0,3,0,0,1,0,0,5,0,0,3,0,0,0
"119",0,13,0,0,5,0,0,0,0,0,2,0,0,3,0,0,0
"120",0,11,0,0,6,0,0,0,0,0,10,0,0,0,0,0,0
"121",6,9,0,0,1,2,1,1,0,0,4,0,0,0,0,0,0
"122",3,8,6,1,0,0,0,1,0,0,0,0,0,0,0,0,0
"123",0,1,3,2,1,1,0,0,0,1,4,0,0,0,0,0,0
"124",2,4,5,0,1,0,0,0,1,0,4,0,0,0,0,0,0
"125",4,2,2,3,1,0,0,1,1,0,1,0,0,0,0,0,0
"127",0,8,7,0,0,2,0,0,0,1,2,0,0,0,0,0,0
"128",1,5,5,4,0,1,1,1,0,1,0,0,0,0,1,0,0
"129",5,2,5,0,1,0,1,2,0,1,0,0,0,0,1,0,0
"130",6,3,1,0,1,0,0,0,0,1,0,0,0,0,0,0,0
"136",12,2,0,0,14,0,0,4,2,1,0,0,0,0,3,0,0
"137",21,9,4,0,5,0,0,4,1,0,2,0,0,0,2,1,0
"138",10,11,4,0,4,1,0,1,2,6,0,0,0,0,1,0,0
"141",1,5,3,0,1,0,0,0,0,6,2,1,0,0,0,0,0
"142",0,9,7,2,0,0,0,0,0,2,0,0,0,0,1,0,0
"143",2,8,5,3,0,1,0,1,0,1,0,0,0,0,1,0,0
"144",1,1,11,3,0,1,0,0,0,0,0,0,0,0,0,0,0
"145",0,3,2,5,0,0,0,0,0,1,0,0,0,0,0,0,0
"146",0,5,2,5,0,0,0,0,0,5,0,0,0,0,0,0,0
"147",2,4,5,0,0,0,0,0,0,2,0,0,0,0,3,0,0
"148",2,1,16,0,0,0,0,0,0,1,0,0,0,0,3,0,0
"149",0,4,11,0,0,0,0,0,0,4,0,0,0,0,1,0,0
"150",0,6,7,0,0,0,0,0,0,1,0,0,0,0,2,0,0
"151",11,5,5,0,0,0,0,0,0,0,0,0,0,0,1,0,0
"155",22,0,2,0,13,1,0,12,0,0,0,0,0,0,1,0,0
"156",31,3,4,0,13,0,0,12,0,1,0,0,0,0,1,0,0
"157",14,5,10,0,12,1,0,5,0,0,0,0,0,0,0,0,0
"158",12,1,5,0,3,0,0,5,0,3,0,0,1,0,1,0,0
"159",3,2,6,0,3,2,0,5,1,4,0,0,0,0,2,0,0
"160",2,5,2,0,2,0,1,1,0,10,0,0,0,0,1,0,0
"161",5,5,2,1,0,1,0,0,0,9,0,0,0,0,0,0,0
"162",2,10,3,3,0,0,0,0,0,6,0,0,0,0,0,0,0
"163",3,5,8,2,0,0,0,0,0,3,0,0,0,0,0,0,0
"164",1,1,5,1,0,0,0,0,0,1,0,0,0,0,2,0,0
"165",0,0,3,0,0,0,0,0,0,5,0,0,0,0,2,0,0
"166",1,3,5,1,0,0,0,0,0,5,0,0,0,0,3,0,0
"167",0,5,8,0,0,0,0,0,0,2,0,0,0,0,4,0,0
"168",1,4,5,0,0,0,0,0,0,0,0,0,0,0,3,0,0
"169",1,3,8,0,0,0,2,0,0,1,0,0,0,0,6,0,0
"170",0,0,6,0,0,0,0,0,0,4,0,0,0,0,4,0,0
"171",13,11,8,0,0,0,0,0,0,0,0,0,0,0,1,0,0
"175",7,0,1,0,19,0,0,15,0,0,0,0,0,0,0,0,0
"176",10,3,3,0,25,0,0,7,0,1,0,0,0,0,0,0,0
"177",8,4,4,0,9,0,0,7,0,2,0,0,0,0,2,0,0
"178",23,8,9,0,4,0,1,3,0,1,0,0,0,0,0,0,0
"179",9,6,10,1,0,0,0,9,0,2,0,0,0,0,0,0,0
"180",25,12,3,0,2,0,0,5,0,1,0,0,0,0,0,0,0
"181",6,5,3,0,0,0,0,1,0,11,0,0,0,0,0,0,0
"182",1,3,1,1,0,0,0,0,0,3,0,0,0,0,1,0,0
"183",0,8,3,0,0,0,0,0,0,0,0,0,0,0,0,0,0
"184",0,2,1,0,0,0,0,0,0,2,0,0,0,0,9,0,0
"185",0,6,1,0,0,0,0,0,0,5,0,0,0,0,4,0,0
"186",1,3,5,2,0,0,0,0,0,4,0,0,0,0,3,0,0
"187",0,4,9,3,0,0,0,0,0,0,0,0,0,0,1,0,0
"188",0,7,6,4,0,0,0,0,0,0,0,0,0,0,1,0,0
"189",2,6,9,0,0,0,0,0,0,2,0,0,0,0,0,0,0
"190",1,12,11,0,0,0,1,0,0,1,0,0,0,0,0,0,0
"191",6,13,8,0,0,0,0,0,0,0,0,0,0,0,0,0,0
"196",5,2,1,0,8,0,0,12,0,1,0,0,0,0,3,0,0
"197",5,3,6,0,1,0,0,3,1,10,0,0,0,0,1,0,0
"198",7,6,8,0,2,0,0,5,0,4,0,0,0,0,0,0,0
"199",10,6,12,0,0,0,0,0,0,7,0,0,0,0,0,0,0
"200",5,7,4,0,1,0,0,1,0,2,0,0,0,0,1,0,0
"201",4,3,6,0,0,0,0,0,0,0,0,0,0,0,5,0,0
"202",3,4,10,0,0,0,2,0,0,1,0,1,0,0,3,0,0
"203",0,3,3,0,0,0,0,0,0,0,0,0,0,0,4,0,0
"204",0,3,1,0,0,0,0,0,0,0,0,0,0,0,8,0,0
"205",0,7,3,0,0,0,0,1,0,0,0,0,0,0,5,0,0
"206",1,8,7,3,0,0,0,0,0,0,0,0,0,0,0,0,0
"207",0,6,6,1,0,0,0,0,0,0,0,0,0,0,0,0,0
"208",0,2,12,1,0,0,0,0,0,0,0,0,0,0,0,0,0
"209",0,3,16,0,0,0,0,0,0,2,0,0,0,0,0,0,0
"210",1,9,21,0,0,0,0,0,0,0,0,1,0,0,0,0,0
"211",9,15,12,0,0,0,0,0,0,0,0,0,0,0,0,0,0
"212",7,7,5,0,0,0,0,0,0,0,0,0,0,0,0,0,0
"215",0,2,2,0,6,0,0,17,0,0,0,0,0,0,0,0,0
"216",12,2,1,0,4,0,0,6,1,5,0,0,0,0,0,0,0
"217",13,9,5,0,4,0,0,3,0,0,0,0,0,0,0,0,0
"218",6,3,6,0,1,0,0,8,0,2,0,0,0,0,0,0,0
"219",12,5,3,0,4,0,0,3,0,1,0,0,0,0,0,0,0
"220",5,0,5,0,0,0,1,0,0,4,0,0,0,0,2,0,0
"221",1,4,11,0,0,0,0,0,0,1,0,0,0,0,3,0,0
"222",0,1,2,0,0,0,0,3,0,0,0,0,0,0,8,0,0
"223",4,5,3,0,1,0,0,0,0,0,0,0,0,0,9,0,0
"224",1,6,7,0,0,0,0,1,0,0,0,0,0,0,1,0,0
"225",1,2,8,2,0,0,0,0,0,3,0,0,0,0,0,0,0
"226",1,3,1,5,0,0,1,0,0,0,0,0,0,0,0,0,0
"227",0,2,12,3,0,0,1,0,0,1,0,0,0,0,1,0,0
"228",0,1,9,2,0,0,0,0,0,0,0,0,0,0,0,0,0
"229",0,1,8,1,0,0,0,0,0,2,0,1,0,0,1,0,0
"230",1,1,7,1,0,0,0,0,0,5,0,0,0,0,0,0,0
"231",0,7,9,0,0,0,0,0,0,3,0,0,0,0,1,0,0
"235",4,1,2,0,15,0,0,30,0,0,0,0,0,0,1,0,0
"236",4,7,6,0,11,0,0,16,0,0,0,0,0,0,0,0,1
"237",7,4,5,0,9,0,0,18,0,0,0,0,0,0,0,0,2
"238",19,2,3,0,6,0,0,3,0,1,0,0,0,0,1,0,0
"239",5,1,0,0,7,0,0,0,0,12,0,0,0,0,0,0,0
"240",0,2,2,0,3,0,0,2,0,5,0,0,0,0,1,0,0
"241",4,7,4,0,1,0,0,3,0,1,0,0,0,0,4,0,0
"242",7,4,8,0,0,0,0,2,0,1,0,0,0,0,2,0,0
"243",0,2,21,0,0,0,0,0,0,0,0,0,0,0,0,0,0
"244",0,8,5,2,0,0,3,0,0,0,0,0,0,0,0,0,0
"245",0,3,14,1,0,0,8,0,0,0,0,0,0,0,0,0,0
"246",1,0,9,5,0,0,1,0,0,0,0,0,0,0,0,0,0
"247",2,1,12,10,0,0,0,0,0,0,0,0,0,0,0,0,0
"248",0,4,14,1,0,0,0,0,0,0,0,0,0,0,0,0,0
"249",1,9,11,0,0,0,0,0,0,2,0,0,0,0,0,0,0
"250",0,5,2,0,0,0,1,0,0,8,0,0,0,0,0,0,0
"251",2,2,2,0,0,0,0,0,0,7,0,0,0,0,0,0,0
"256",0,2,4,0,3,0,0,30,0,0,0,0,0,0,0,0,7
"257",3,4,2,0,7,0,0,17,0,0,0,0,0,0,0,0,13
"258",6,6,5,0,12,0,0,15,0,0,0,0,0,0,0,0,7
"259",3,1,5,0,3,0,0,5,0,1,0,0,0,0,0,0,2
"260",16,0,10,0,5,0,0,3,0,0,0,0,0,0,1,0,0
"261",12,2,8,0,4,0,0,1,0,0,0,0,0,0,0,0,0
"262",3,9,14,0,0,0,0,0,0,0,0,0,0,0,0,0,0
"263",6,13,8,1,0,0,0,0,0,0,0,0,0,0,0,0,0
"264",0,4,10,2,0,0,2,0,0,0,0,0,0,0,0,0,0
"265",6,1,3,5,0,1,0,0,0,0,0,0,0,0,0,0,0
"266",3,4,8,3,0,0,0,0,0,0,0,0,0,0,1,0,0
"267",2,10,9,6,0,0,1,0,0,0,0,0,0,0,0,0,0
"268",2,4,12,1,0,0,0,0,0,0,0,0,0,0,0,0,0
"269",1,6,5,0,0,0,1,0,0,3,0,0,0,0,0,0,0
"270",1,9,5,3,0,0,0,0,0,1,0,0,0,0,0,0,0
"274",0,2,10,0,5,0,0,17,0,0,0,0,0,0,0,0,7
"275",2,0,9,0,0,0,0,21,0,0,0,0,0,0,0,0,16
"276",0,6,4,0,1,0,0,14,0,0,0,0,0,0,0,0,16
"277",1,6,6,0,2,0,0,12,0,0,0,0,0,0,0,0,9
"278",6,9,7,0,6,0,0,11,0,0,0,0,0,0,0,0,3
"279",8,6,13,0,3,0,0,0,0,0,0,0,0,0,0,0,0
"280",8,2,8,0,1,0,6,0,0,0,0,0,0,0,0,0,0
"281",8,2,5,1,1,0,3,0,0,0,1,0,0,0,0,0,0
"282",6,2,7,1,0,0,0,0,0,0,0,0,0,0,0,0,0
"283",7,6,5,1,0,0,3,0,0,0,0,0,0,0,0,0,0
"284",2,3,1,7,0,0,0,1,0,1,0,0,0,0,0,0,0
"285",0,4,11,5,0,0,0,0,0,0,0,0,0,0,0,0,0
"286",2,5,6,6,0,0,2,0,0,0,0,0,0,0,0,0,0
"287",0,9,4,4,0,0,0,0,0,0,0,0,0,0,1,0,0
"288",1,3,4,4,0,0,0,0,0,2,0,0,0,0,0,0,0
"289",2,7,6,0,0,0,0,0,0,3,0,0,0,0,0,0,0
"290",0,4,5,1,0,0,0,0,0,3,0,0,0,0,0,0,0
"292",2,1,2,0,0,0,0,16,0,0,0,0,0,0,0,0,32
"293",0,9,15,0,5,0,0,3,0,0,0,0,0,0,0,0,29
"294",6,9,7,0,3,0,0,2,0,0,0,0,0,0,0,0,17
"295",3,5,6,0,8,0,0,5,0,0,0,0,0,0,0,0,5
"296",2,1,8,0,1,0,0,3,0,0,0,0,0,0,0,0,3
"297",7,5,7,0,2,0,1,1,0,0,0,0,0,0,0,0,0
"298",7,13,4,0,1,1,0,2,0,0,0,0,0,0,0,0,0
"299",4,5,3,0,0,0,0,1,0,3,1,0,0,0,0,0,0
"300",9,4,4,1,0,0,0,0,0,3,0,0,0,0,0,0,0
"301",3,9,2,2,0,0,0,0,0,0,0,0,0,0,3,0,0
"302",5,8,1,0,0,1,1,0,0,0,0,0,0,0,0,0,0
"303",0,6,9,2,0,0,2,0,0,0,0,0,0,0,0,0,0
"304",2,4,11,5,0,0,1,0,0,0,0,0,0,0,0,0,0
"305",2,0,9,3,0,0,0,0,0,0,0,0,0,0,0,0,0
"306",1,0,12,5,0,0,0,0,0,0,0,0,0,0,0,0,0
"307",1,3,9,3,0,0,0,0,0,1,0,0,0,0,0,0,0
"308",0,1,4,7,0,0,0,0,0,3,0,0,0,0,0,0,0
"311",3,3,2,0,10,0,0,10,0,2,0,0,0,0,0,0,2
"312",2,13,2,0,6,0,0,6,0,0,0,0,0,0,0,0,4
"313",8,7,2,0,4,0,0,2,0,1,0,0,0,0,0,0,1
"314",0,8,10,0,0,0,0,5,0,0,0,0,0,0,0,0,0
"315",0,4,8,0,5,0,0,9,0,2,0,0,0,0,0,0,0
"316",0,5,7,0,1,1,2,3,0,5,0,0,1,0,0,0,0
"317",7,8,3,0,2,1,0,3,0,1,0,0,1,0,0,0,0
"318",5,17,2,0,0,1,0,1,0,2,0,0,1,0,0,0,0
"319",0,2,9,0,0,0,0,0,0,1,0,0,0,0,0,0,0
"320",5,3,2,3,0,0,0,0,0,1,0,0,0,0,1,0,0
"321",5,1,2,3,0,0,2,0,0,2,0,0,0,0,0,0,0
"322",0,4,7,2,0,0,3,0,0,0,0,0,0,0,1,0,0
"323",0,9,11,1,0,0,6,0,0,0,0,0,0,0,0,0,0
"324",0,3,9,5,0,0,0,0,0,0,0,0,0,0,0,0,0
"325",0,3,12,4,0,0,0,0,0,0,0,0,0,0,0,0,0
"326",0,1,9,9,0,0,0,0,0,0,0,0,0,0,0,0,0
"327",0,0,11,4,0,0,0,0,0,0,0,0,0,0,0,0,0
"328",1,2,7,7,0,1,1,0,0,0,0,0,0,0,0,0,0
"329",4,8,12,1,0,0,0,0,0,0,0,0,0,0,0,0,0
"330",1,0,9,0,16,0,0,9,0,0,0,0,0,0,0,0,0
"331",10,6,11,0,6,0,0,4,0,1,0,0,0,0,0,0,0
"332",9,18,4,0,1,0,0,2,0,0,0,0,0,0,0,0,1
"333",5,6,1,0,0,0,0,0,0,4,0,0,0,0,0,0,0
"334",2,8,9,0,0,0,1,0,0,0,0,0,0,0,0,0,0
"335",9,6,7,0,1,0,0,2,0,0,0,0,0,0,0,0,0
"336",3,6,1,0,0,0,2,1,0,5,0,0,1,0,0,0,0
"337",10,7,6,0,4,0,1,0,0,0,0,0,2,0,1,0,0
"338",7,13,4,0,0,0,0,0,0,1,0,0,0,0,1,0,0
"339",3,12,10,0,0,1,0,0,0,1,0,0,0,0,0,0,0
"340",0,8,4,1,0,0,0,0,0,2,0,0,0,0,0,0,0
"341",4,3,4,4,0,2,1,0,0,0,0,0,0,0,0,0,0
"342",1,2,13,2,0,0,1,0,0,1,0,0,0,0,1,0,0
"343",0,5,11,1,0,0,1,0,0,0,0,0,0,0,1,0,0
"344",1,7,11,0,0,0,1,0,0,0,0,0,0,0,1,0,0
"345",0,10,11,2,0,0,0,0,0,0,0,0,0,0,0,0,0
"346",0,1,4,7,0,0,0,0,0,0,0,0,0,0,0,0,0
"347",0,1,8,6,0,0,0,0,0,0,0,0,0,0,0,0,0
"348",0,4,8,2,0,0,0,0,0,0,0,0,0,0,0,0,0
"349",0,4,9,2,0,0,0,0,0,1,0,0,0,0,0,0,0
"350",0,0,0,0,0,0,0,0,0,12,0,0,0,0,0,0,0
"353",2,3,10,0,6,0,0,2,0,0,0,0,0,0,0,0,0
"354",3,13,11,0,4,0,0,2,0,1,0,0,0,0,0,0,0
"355",13,11,6,0,1,0,0,0,0,3,0,0,0,0,0,0,0
"356",4,8,7,0,0,0,1,0,0,6,0,0,0,0,0,0,0
"357",5,8,4,0,0,0,1,0,0,1,0,1,0,0,0,0,0
"358",7,7,10,0,0,0,2,0,0,0,0,0,0,0,2,0,0
"359",5,11,8,0,2,0,1,1,0,0,0,0,0,0,0,0,0
"360",0,9,6,0,0,0,0,0,0,1,0,0,0,0,0,0,0
"361",11,10,7,0,0,0,0,1,0,1,0,0,0,0,0,0,0
"362",2,11,10,1,0,1,1,0,0,1,0,0,0,0,0,0,0
"363",2,3,10,0,0,0,2,0,0,0,0,0,0,0,1,0,0
"364",1,5,11,1,0,1,0,0,0,0,0,0,0,0,0,0,0
"365",1,9,5,0,0,1,0,0,0,0,0,0,0,0,0,0,0
"366",2,10,10,0,0,0,2,0,0,0,0,0,0,0,1,0,0
"367",0,13,2,1,0,0,2,0,0,0,0,0,0,0,2,0,0
"368",0,5,16,2,0,0,0,0,0,0,0,0,0,0,0,0,0
"369",0,6,3,7,0,0,0,0,0,0,0,0,0,0,0,0,0
"370",0,4,1,15,0,0,0,0,0,0,0,0,0,0,0,0,0
"371",0,7,8,5,0,0,2,0,0,0,0,0,0,0,0,0,0
"372",2,6,6,3,0,0,0,0,0,0,0,0,0,0,0,0,0
"373",0,2,3,1,0,0,0,0,0,5,0,0,0,0,0,0,0
"376",9,4,9,0,20,0,0,7,0,0,0,0,0,0,0,0,0
"377",17,8,8,0,17,0,0,2,0,0,0,0,0,0,0,0,0
"378",4,9,5,0,1,0,0,1,0,0,0,0,0,0,0,0,0
"379",13,9,6,0,3,0,3,0,0,0,0,0,0,0,0,0,0
"380",6,12,11,0,3,0,1,0,2,0,0,0,0,0,0,0,0
"381",2,6,10,0,0,0,1,0,0,0,0,2,0,0,0,0,0
"382",0,7,9,0,2,0,2,0,0,0,0,2,0,0,1,0,0
"383",5,6,4,0,0,0,0,3,0,0,0,0,0,0,0,0,0
"384",0,3,13,0,0,0,0,1,0,1,0,0,0,0,1,0,0
"385",2,3,5,1,0,0,14,0,0,1,0,0,0,0,1,0,0
"386",0,7,9,1,0,0,1,0,0,1,0,0,0,0,0,0,0
"387",1,3,8,2,0,0,1,0,0,0,0,0,0,0,0,0,0
"388",0,4,7,3,0,0,2,0,0,0,0,0,0,0,0,0,0
"389",0,1,11,0,0,0,0,0,0,1,0,0,0,0,1,0,0
"390",0,9,12,2,0,0,0,1,0,0,0,0,0,0,0,0,0
"391",0,11,1,1,0,0,1,0,0,0,0,0,0,0,0,0,0
"392",2,6,3,2,0,0,1,0,0,0,0,0,0,0,0,0,0
"393",0,2,5,9,0,0,0,0,0,0,0,0,0,0,0,0,0
"394",0,3,10,3,0,0,0,0,0,0,0,0,0,0,0,0,0
"395",0,15,8,1,0,1,2,0,0,0,0,0,0,0,0,0,0
"396",0,11,3,2,0,2,0,0,0,0,1,0,0,0,0,0,0
"397",4,2,1,0,26,0,0,2,0,0,0,0,0,0,1,0,0
"398",0,6,11,0,21,0,0,0,0,1,0,0,0,0,0,0,0
"399",1,7,7,0,11,0,0,0,0,0,0,0,0,0,1,0,0
"400",6,9,9,0,8,1,0,4,0,0,0,0,0,0,0,0,0
"401",4,5,7,0,3,0,1,0,0,0,0,1,0,0,1,0,0
"402",5,4,10,0,0,0,0,0,0,0,0,0,0,0,0,0,0
"403",2,4,6,0,0,0,1,0,0,0,0,0,0,0,0,0,0
"404",0,3,7,0,1,0,0,0,0,7,0,0,0,0,0,0,0
"405",8,7,2,0,0,0,1,1,0,2,0,0,0,0,2,0,0
"406",7,7,7,0,0,0,1,0,0,0,0,0,0,0,3,0,0
"407",0,12,7,0,0,0,0,0,0,1,0,0,0,0,1,0,0
"408",0,0,14,1,0,0,0,0,0,0,1,0,0,0,0,0,0
"409",1,6,10,0,0,0,2,0,0,0,0,0,0,0,0,0,0
"410",0,1,11,0,0,0,2,0,0,0,0,0,0,0,1,0,0
"411",0,5,6,0,0,0,0,0,0,1,0,0,0,0,0,0,0
"412",1,10,8,2,0,0,0,0,0,0,0,0,0,0,0,0,0
"413",2,6,7,2,0,0,0,0,0,0,0,0,0,0,0,0,0
"414",0,7,10,2,0,0,0,0,0,0,0,0,0,0,0,0,0
"415",0,4,4,1,0,2,1,0,0,0,0,0,0,0,0,0,0
"416",0,14,3,4,0,0,0,0,0,0,0,0,0,0,0,0,0
"417",0,6,6,2,0,0,2,0,0,0,1,0,0,0,0,0,0
"418",0,0,6,0,25,0,0,1,0,0,0,0,0,0,1,0,0
"419",12,0,11,0,15,0,0,0,0,0,0,0,0,0,2,0,0
"420",1,0,5,0,11,0,0,5,0,0,0,0,0,0,5,0,0
"421",4,8,4,0,3,0,0,1,0,0,0,0,0,0,2,0,0
"422",2,6,14,0,0,0,0,0,0,0,0,0,0,0,0,0,0
"423",1,5,3,0,0,0,4,0,0,2,0,0,0,0,0,0,0
"424",2,3,10,1,0,0,0,0,0,2,0,0,0,0,0,0,0
"425",9,3,6,0,4,0,2,0,0,5,0,0,1,0,0,0,0
"426",5,6,14,0,0,1,5,0,0,0,0,0,0,0,0,0,0
"427",1,8,6,0,0,0,0,0,0,0,0,0,0,0,0,0,0
"428",0,11,2,0,0,0,1,0,0,0,2,0,0,0,0,0,0
"429",0,9,4,0,0,0,0,0,0,0,1,0,0,0,0,0,0
"430",0,9,1,0,0,0,0,0,0,1,0,0,0,0,0,0,0
"431",0,4,8,1,0,0,1,0,0,0,0,0,0,0,1,0,0
"432",1,5,14,0,0,0,2,0,0,0,0,0,0,0,0,0,0
"433",2,11,7,0,0,0,10,0,0,0,0,0,0,0,1,0,0
"434",0,7,5,2,0,0,1,0,0,0,0,0,0,0,2,0,0
"435",0,7,3,5,0,0,0,0,0,0,0,0,0,0,1,0,0
"436",0,6,2,10,0,0,2,0,0,0,0,0,0,0,0,0,0
"437",0,7,3,3,0,0,1,0,0,1,0,1,0,0,2,0,0
"438",1,2,8,3,0,0,0,0,0,1,0,0,0,0,0,0,0
"441",22,0,2,0,25,0,0,6,0,0,0,0,0,0,2,0,0
"442",6,1,2,0,10,0,0,2,0,1,0,0,0,0,2,0,0
"443",7,3,5,0,5,0,0,0,0,2,0,0,0,0,2,0,0
"444",3,5,10,0,0,0,1,0,0,1,0,0,0,0,1,0,0
"445",0,1,2,0,0,0,0,0,0,8,0,0,0,0,0,0,0
"446",1,1,5,0,0,0,0,0,0,4,0,0,0,0,1,0,0
"447",1,1,17,0,0,0,0,0,0,1,0,0,0,0,2,0,0
"448",0,5,14,0,0,0,1,0,0,2,0,0,0,0,0,0,0
"449",1,12,7,1,0,0,0,0,0,0,1,0,0,0,0,0,0
"450",0,14,3,1,0,0,0,0,0,0,0,0,0,0,2,0,0
"451",0,14,4,0,0,0,0,0,0,0,0,0,0,0,0,0,0
"452",2,11,4,0,0,0,0,0,0,0,0,0,0,0,1,0,0
"453",0,6,3,1,0,1,0,0,0,2,0,0,0,0,2,0,0
"454",2,5,13,1,0,0,6,0,0,0,0,0,0,0,0,0,0
"455",1,6,15,1,0,0,0,0,0,0,0,0,0,0,1,0,0
"456",1,10,4,1,0,0,0,0,0,0,0,0,0,0,0,0,0
"457",0,9,3,0,0,0,0,0,0,1,0,0,0,0,0,0,0
"458",1,6,2,2,0,0,0,0,0,3,0,0,0,0,0,0,0
"459",1,2,6,0,0,0,0,0,0,2,0,0,0,0,0,0,0
"460",0,4,14,0,0,0,0,0,0,0,0,0,0,0,0,0,0
"472",0,2,2,0,0,0,0,0,0,1,0,0,0,0,0,0,0
"475",0,0,4,1,0,0,0,0,0,1,0,1,0,0,0,0,0
"476",0,6,2,0,0,0,0,0,0,3,0,0,0,0,1,0,0
"477",1,2,2,0,0,0,0,0,0,2,0,0,0,0,0,0,0
